Rank,Model,F1-Score,Recall
1,Random Forest (Tuned),0.9993626513702996,0.9987261146496815
2,Random Forest,0.9993626513702996,0.9987261146496815
3,XGBoost,0.998085513720485,0.9961783439490446
4,XGBoost (Tuned),0.998085513720485,0.9961783439490446
5,Decision Tree (Baseline),0.9849435382685069,1.0
6,Logistic Regression,0.8602739726027397,1.0
